,Survived,Pclass,Sex,Age,SibSp,Parch,Embarked,Birth_Year
0,0,3,male,22.0,1,0,S,1890.0
1,1,1,female,38.0,1,0,C,1874.0
2,1,3,female,26.0,0,0,S,1886.0
3,1,1,female,35.0,1,0,S,1877.0
4,0,3,male,35.0,0,0,S,1877.0
5,0,3,male,,0,0,Q,
6,0,1,male,54.0,0,0,S,1858.0
7,0,3,male,2.0,3,1,S,1910.0
8,1,3,female,27.0,0,2,S,1885.0
9,1,2,female,14.0,1,0,C,1898.0
10,1,3,female,4.0,1,1,S,1908.0
11,1,1,female,58.0,0,0,S,1854.0
12,0,3,male,20.0,0,0,S,1892.0
13,0,3,male,39.0,1,5,S,1873.0
14,0,3,female,14.0,0,0,S,1898.0
15,1,2,female,55.0,0,0,S,1857.0
16,0,3,male,2.0,4,1,Q,1910.0
17,1,2,male,,0,0,S,
18,0,3,female,31.0,1,0,S,1881.0
19,1,3,female,,0,0,C,
20,0,2,male,35.0,0,0,S,1877.0
21,1,2,male,34.0,0,0,S,1878.0
22,1,3,female,15.0,0,0,Q,1897.0
23,1,1,male,28.0,0,0,S,1884.0
24,0,3,female,8.0,3,1,S,1904.0
25,1,3,female,38.0,1,5,S,1874.0
26,0,3,male,,0,0,C,
27,0,1,male,19.0,3,2,S,1893.0
28,1,3,female,,0,0,Q,
29,0,3,male,,0,0,S,
30,0,1,male,40.0,0,0,C,1872.0
31,1,1,female,,1,0,C,
32,1,3,female,,0,0,Q,
33,0,2,male,66.0,0,0,S,1846.0
34,0,1,male,28.0,1,0,C,1884.0
35,0,1,male,42.0,1,0,S,1870.0
36,1,3,male,,0,0,C,
37,0,3,male,21.0,0,0,S,1891.0
38,0,3,female,18.0,2,0,S,1894.0
39,1,3,female,14.0,1,0,C,1898.0
40,0,3,female,40.0,1,0,S,1872.0
41,0,2,female,27.0,1,0,S,1885.0
42,0,3,male,,0,0,C,
43,1,2,female,3.0,1,2,C,1909.0
44,1,3,female,19.0,0,0,Q,1893.0
45,0,3,male,,0,0,S,
46,0,3,male,,1,0,Q,
47,1,3,female,,0,0,Q,
48,0,3,male,,2,0,C,
49,0,3,female,18.0,1,0,S,1894.0
50,0,3,male,7.0,4,1,S,1905.0
51,0,3,male,21.0,0,0,S,1891.0
52,1,1,female,49.0,1,0,C,1863.0
53,1,2,female,29.0,1,0,S,1883.0
54,0,1,male,65.0,0,1,C,1847.0
55,1,1,male,,0,0,S,
56,1,2,female,21.0,0,0,S,1891.0
57,0,3,male,28.5,0,0,C,1883.5
58,1,2,female,5.0,1,2,S,1907.0
59,0,3,male,11.0,5,2,S,1901.0
60,0,3,male,22.0,0,0,C,1890.0
61,1,1,female,38.0,0,0,,1874.0
62,0,1,male,45.0,1,0,S,1867.0
63,0,3,male,4.0,3,2,S,1908.0
64,0,1,male,,0,0,C,
65,1,3,male,,1,1,C,
66,1,2,female,29.0,0,0,S,1883.0
67,0,3,male,19.0,0,0,S,1893.0
68,1,3,female,17.0,4,2,S,1895.0
69,0,3,male,26.0,2,0,S,1886.0
70,0,2,male,32.0,0,0,S,1880.0
71,0,3,female,16.0,5,2,S,1896.0
72,0,2,male,21.0,0,0,S,1891.0
73,0,3,male,26.0,1,0,C,1886.0
74,1,3,male,32.0,0,0,S,1880.0
75,0,3,male,25.0,0,0,S,1887.0
76,0,3,male,,0,0,S,
77,0,3,male,,0,0,S,
78,1,2,male,0.83,0,2,S,1911.17
79,1,3,female,30.0,0,0,S,1882.0
80,0,3,male,22.0,0,0,S,1890.0
81,1,3,male,29.0,0,0,S,1883.0
82,1,3,female,,0,0,Q,
83,0,1,male,28.0,0,0,S,1884.0
84,1,2,female,17.0,0,0,S,1895.0
85,1,3,female,33.0,3,0,S,1879.0
86,0,3,male,16.0,1,3,S,1896.0
87,0,3,male,,0,0,S,
88,1,1,female,23.0,3,2,S,1889.0
89,0,3,male,24.0,0,0,S,1888.0
90,0,3,male,29.0,0,0,S,1883.0
91,0,3,male,20.0,0,0,S,1892.0
92,0,1,male,46.0,1,0,S,1866.0
93,0,3,male,26.0,1,2,S,1886.0
94,0,3,male,59.0,0,0,S,1853.0
95,0,3,male,,0,0,S,
96,0,1,male,71.0,0,0,C,1841.0
97,1,1,male,23.0,0,1,C,1889.0
98,1,2,female,34.0,0,1,S,1878.0
99,0,2,male,34.0,1,0,S,1878.0
100,0,3,female,28.0,0,0,S,1884.0
101,0,3,male,,0,0,S,
102,0,1,male,21.0,0,1,S,1891.0
103,0,3,male,33.0,0,0,S,1879.0
104,0,3,male,37.0,2,0,S,1875.0
105,0,3,male,28.0,0,0,S,1884.0
106,1,3,female,21.0,0,0,S,1891.0
107,1,3,male,,0,0,S,
108,0,3,male,38.0,0,0,S,1874.0
109,1,3,female,,1,0,Q,
110,0,1,male,47.0,0,0,S,1865.0
111,0,3,female,14.5,1,0,C,1897.5
112,0,3,male,22.0,0,0,S,1890.0
113,0,3,female,20.0,1,0,S,1892.0
114,0,3,female,17.0,0,0,C,1895.0
115,0,3,male,21.0,0,0,S,1891.0
116,0,3,male,70.5,0,0,Q,1841.5
117,0,2,male,29.0,1,0,S,1883.0
118,0,1,male,24.0,0,1,C,1888.0
119,0,3,female,2.0,4,2,S,1910.0
120,0,2,male,21.0,2,0,S,1891.0
121,0,3,male,,0,0,S,
122,0,2,male,32.5,1,0,C,1879.5
123,1,2,female,32.5,0,0,S,1879.5
124,0,1,male,54.0,0,1,S,1858.0
125,1,3,male,12.0,1,0,C,1900.0
126,0,3,male,,0,0,Q,
127,1,3,male,24.0,0,0,S,1888.0
128,1,3,female,,1,1,C,
129,0,3,male,45.0,0,0,S,1867.0
130,0,3,male,33.0,0,0,C,1879.0
131,0,3,male,20.0,0,0,S,1892.0
132,0,3,female,47.0,1,0,S,1865.0
133,1,2,female,29.0,1,0,S,1883.0
134,0,2,male,25.0,0,0,S,1887.0
135,0,2,male,23.0,0,0,C,1889.0
136,1,1,female,19.0,0,2,S,1893.0
137,0,1,male,37.0,1,0,S,1875.0
138,0,3,male,16.0,0,0,S,1896.0
139,0,1,male,24.0,0,0,C,1888.0
140,0,3,female,,0,2,C,
141,1,3,female,22.0,0,0,S,1890.0
142,1,3,female,24.0,1,0,S,1888.0
143,0,3,male,19.0,0,0,Q,1893.0
144,0,2,male,18.0,0,0,S,1894.0
145,0,2,male,19.0,1,1,S,1893.0
146,1,3,male,27.0,0,0,S,1885.0
147,0,3,female,9.0,2,2,S,1903.0
148,0,2,male,36.5,0,2,S,1875.5
149,0,2,male,42.0,0,0,S,1870.0
150,0,2,male,51.0,0,0,S,1861.0
151,1,1,female,22.0,1,0,S,1890.0
152,0,3,male,55.5,0,0,S,1856.5
153,0,3,male,40.5,0,2,S,1871.5
154,0,3,male,,0,0,S,
155,0,1,male,51.0,0,1,C,1861.0
156,1,3,female,16.0,0,0,Q,1896.0
157,0,3,male,30.0,0,0,S,1882.0
158,0,3,male,,0,0,S,
159,0,3,male,,8,2,S,
160,0,3,male,44.0,0,1,S,1868.0
161,1,2,female,40.0,0,0,S,1872.0
162,0,3,male,26.0,0,0,S,1886.0
163,0,3,male,17.0,0,0,S,1895.0
164,0,3,male,1.0,4,1,S,1911.0
165,1,3,male,9.0,0,2,S,1903.0
166,1,1,female,,0,1,S,
167,0,3,female,45.0,1,4,S,1867.0
168,0,1,male,,0,0,S,
169,0,3,male,28.0,0,0,S,1884.0
170,0,1,male,61.0,0,0,S,1851.0
171,0,3,male,4.0,4,1,Q,1908.0
172,1,3,female,1.0,1,1,S,1911.0
173,0,3,male,21.0,0,0,S,1891.0
174,0,1,male,56.0,0,0,C,1856.0
175,0,3,male,18.0,1,1,S,1894.0
176,0,3,male,,3,1,S,
177,0,1,female,50.0,0,0,C,1862.0
178,0,2,male,30.0,0,0,S,1882.0
179,0,3,male,36.0,0,0,S,1876.0
180,0,3,female,,8,2,S,
181,0,2,male,,0,0,C,
182,0,3,male,9.0,4,2,S,1903.0
183,1,2,male,1.0,2,1,S,1911.0
184,1,3,female,4.0,0,2,S,1908.0
185,0,1,male,,0,0,S,
186,1,3,female,,1,0,Q,
187,1,1,male,45.0,0,0,S,1867.0
188,0,3,male,40.0,1,1,Q,1872.0
189,0,3,male,36.0,0,0,S,1876.0
190,1,2,female,32.0,0,0,S,1880.0
191,0,2,male,19.0,0,0,S,1893.0
192,1,3,female,19.0,1,0,S,1893.0
193,1,2,male,3.0,1,1,S,1909.0
194,1,1,female,44.0,0,0,C,1868.0
195,1,1,female,58.0,0,0,C,1854.0
196,0,3,male,,0,0,Q,
197,0,3,male,42.0,0,1,S,1870.0
198,1,3,female,,0,0,Q,
199,0,2,female,24.0,0,0,S,1888.0
200,0,3,male,28.0,0,0,S,1884.0
201,0,3,male,,8,2,S,
202,0,3,male,34.0,0,0,S,1878.0
203,0,3,male,45.5,0,0,C,1866.5
204,1,3,male,18.0,0,0,S,1894.0
205,0,3,female,2.0,0,1,S,1910.0
206,0,3,male,32.0,1,0,S,1880.0
207,1,3,male,26.0,0,0,C,1886.0
208,1,3,female,16.0,0,0,Q,1896.0
209,1,1,male,40.0,0,0,C,1872.0
210,0,3,male,24.0,0,0,S,1888.0
211,1,2,female,35.0,0,0,S,1877.0
212,0,3,male,22.0,0,0,S,1890.0
213,0,2,male,30.0,0,0,S,1882.0
214,0,3,male,,1,0,Q,
215,1,1,female,31.0,1,0,C,1881.0
216,1,3,female,27.0,0,0,S,1885.0
217,0,2,male,42.0,1,0,S,1870.0
218,1,1,female,32.0,0,0,C,1880.0
219,0,2,male,30.0,0,0,S,1882.0
220,1,3,male,16.0,0,0,S,1896.0
221,0,2,male,27.0,0,0,S,1885.0
222,0,3,male,51.0,0,0,S,1861.0
223,0,3,male,,0,0,S,
224,1,1,male,38.0,1,0,S,1874.0
225,0,3,male,22.0,0,0,S,1890.0
226,1,2,male,19.0,0,0,S,1893.0
227,0,3,male,20.5,0,0,S,1891.5
228,0,2,male,18.0,0,0,S,1894.0
229,0,3,female,,3,1,S,
230,1,1,female,35.0,1,0,S,1877.0
231,0,3,male,29.0,0,0,S,1883.0
232,0,2,male,59.0,0,0,S,1853.0
233,1,3,female,5.0,4,2,S,1907.0
234,0,2,male,24.0,0,0,S,1888.0
235,0,3,female,,0,0,S,
236,0,2,male,44.0,1,0,S,1868.0
237,1,2,female,8.0,0,2,S,1904.0
238,0,2,male,19.0,0,0,S,1893.0
239,0,2,male,33.0,0,0,S,1879.0
240,0,3,female,,1,0,C,
241,1,3,female,,1,0,Q,
242,0,2,male,29.0,0,0,S,1883.0
243,0,3,male,22.0,0,0,S,1890.0
244,0,3,male,30.0,0,0,C,1882.0
245,0,1,male,44.0,2,0,Q,1868.0
246,0,3,female,25.0,0,0,S,1887.0
247,1,2,female,24.0,0,2,S,1888.0
248,1,1,male,37.0,1,1,S,1875.0
249,0,2,male,54.0,1,0,S,1858.0
250,0,3,male,,0,0,S,
251,0,3,female,29.0,1,1,S,1883.0
252,0,1,male,62.0,0,0,S,1850.0
253,0,3,male,30.0,1,0,S,1882.0
254,0,3,female,41.0,0,2,S,1871.0
255,1,3,female,29.0,0,2,C,1883.0
256,1,1,female,,0,0,C,
257,1,1,female,30.0,0,0,S,1882.0
258,1,1,female,35.0,0,0,C,1877.0
259,1,2,female,50.0,0,1,S,1862.0
260,0,3,male,,0,0,Q,
261,1,3,male,3.0,4,2,S,1909.0
262,0,1,male,52.0,1,1,S,1860.0
263,0,1,male,40.0,0,0,S,1872.0
264,0,3,female,,0,0,Q,
265,0,2,male,36.0,0,0,S,1876.0
266,0,3,male,16.0,4,1,S,1896.0
267,1,3,male,25.0,1,0,S,1887.0
268,1,1,female,58.0,0,1,S,1854.0
269,1,1,female,35.0,0,0,S,1877.0
270,0,1,male,,0,0,S,
271,1,3,male,25.0,0,0,S,1887.0
272,1,2,female,41.0,0,1,S,1871.0
273,0,1,male,37.0,0,1,C,1875.0
274,1,3,female,,0,0,Q,
275,1,1,female,63.0,1,0,S,1849.0
276,0,3,female,45.0,0,0,S,1867.0
277,0,2,male,,0,0,S,
278,0,3,male,7.0,4,1,Q,1905.0
279,1,3,female,35.0,1,1,S,1877.0
280,0,3,male,65.0,0,0,Q,1847.0
281,0,3,male,28.0,0,0,S,1884.0
282,0,3,male,16.0,0,0,S,1896.0
283,1,3,male,19.0,0,0,S,1893.0
284,0,1,male,,0,0,S,
285,0,3,male,33.0,0,0,C,1879.0
286,1,3,male,30.0,0,0,S,1882.0
287,0,3,male,22.0,0,0,S,1890.0
288,1,2,male,42.0,0,0,S,1870.0
289,1,3,female,22.0,0,0,Q,1890.0
290,1,1,female,26.0,0,0,S,1886.0
291,1,1,female,19.0,1,0,C,1893.0
292,0,2,male,36.0,0,0,C,1876.0
293,0,3,female,24.0,0,0,S,1888.0
294,0,3,male,24.0,0,0,S,1888.0
295,0,1,male,,0,0,C,
296,0,3,male,23.5,0,0,C,1888.5
297,0,1,female,2.0,1,2,S,1910.0
298,1,1,male,,0,0,S,
299,1,1,female,50.0,0,1,C,1862.0
300,1,3,female,,0,0,Q,
301,1,3,male,,2,0,Q,
302,0,3,male,19.0,0,0,S,1893.0
303,1,2,female,,0,0,Q,
304,0,3,male,,0,0,S,
305,1,1,male,0.92,1,2,S,1911.08
306,1,1,female,,0,0,C,
307,1,1,female,17.0,1,0,C,1895.0
308,0,2,male,30.0,1,0,C,1882.0
309,1,1,female,30.0,0,0,C,1882.0
310,1,1,female,24.0,0,0,C,1888.0
311,1,1,female,18.0,2,2,C,1894.0
312,0,2,female,26.0,1,1,S,1886.0
313,0,3,male,28.0,0,0,S,1884.0
314,0,2,male,43.0,1,1,S,1869.0
315,1,3,female,26.0,0,0,S,1886.0
316,1,2,female,24.0,1,0,S,1888.0
317,0,2,male,54.0,0,0,S,1858.0
318,1,1,female,31.0,0,2,S,1881.0
319,1,1,female,40.0,1,1,C,1872.0
320,0,3,male,22.0,0,0,S,1890.0
321,0,3,male,27.0,0,0,S,1885.0
322,1,2,female,30.0,0,0,Q,1882.0
323,1,2,female,22.0,1,1,S,1890.0
324,0,3,male,,8,2,S,
325,1,1,female,36.0,0,0,C,1876.0
326,0,3,male,61.0,0,0,S,1851.0
327,1,2,female,36.0,0,0,S,1876.0
328,1,3,female,31.0,1,1,S,1881.0
329,1,1,female,16.0,0,1,C,1896.0
330,1,3,female,,2,0,Q,
331,0,1,male,45.5,0,0,S,1866.5
332,0,1,male,38.0,0,1,S,1874.0
333,0,3,male,16.0,2,0,S,1896.0
334,1,1,female,,1,0,S,
335,0,3,male,,0,0,S,
336,0,1,male,29.0,1,0,S,1883.0
337,1,1,female,41.0,0,0,C,1871.0
338,1,3,male,45.0,0,0,S,1867.0
339,0,1,male,45.0,0,0,S,1867.0
340,1,2,male,2.0,1,1,S,1910.0
341,1,1,female,24.0,3,2,S,1888.0
342,0,2,male,28.0,0,0,S,1884.0
343,0,2,male,25.0,0,0,S,1887.0
344,0,2,male,36.0,0,0,S,1876.0
345,1,2,female,24.0,0,0,S,1888.0
346,1,2,female,40.0,0,0,S,1872.0
347,1,3,female,,1,0,S,
348,1,3,male,3.0,1,1,S,1909.0
349,0,3,male,42.0,0,0,S,1870.0
350,0,3,male,23.0,0,0,S,1889.0
351,0,1,male,,0,0,S,
352,0,3,male,15.0,1,1,C,1897.0
353,0,3,male,25.0,1,0,S,1887.0
354,0,3,male,,0,0,C,
355,0,3,male,28.0,0,0,S,1884.0
356,1,1,female,22.0,0,1,S,1890.0
357,0,2,female,38.0,0,0,S,1874.0
358,1,3,female,,0,0,Q,
359,1,3,female,,0,0,Q,
360,0,3,male,40.0,1,4,S,1872.0
361,0,2,male,29.0,1,0,C,1883.0
362,0,3,female,45.0,0,1,C,1867.0
363,0,3,male,35.0,0,0,S,1877.0
364,0,3,male,,1,0,Q,
365,0,3,male,30.0,0,0,S,1882.0
366,1,1,female,60.0,1,0,C,1852.0
367,1,3,female,,0,0,C,
368,1,3,female,,0,0,Q,
369,1,1,female,24.0,0,0,C,1888.0
370,1,1,male,25.0,1,0,C,1887.0
371,0,3,male,18.0,1,0,S,1894.0
372,0,3,male,19.0,0,0,S,1893.0
373,0,1,male,22.0,0,0,C,1890.0
374,0,3,female,3.0,3,1,S,1909.0
375,1,1,female,,1,0,C,
376,1,3,female,22.0,0,0,S,1890.0
377,0,1,male,27.0,0,2,C,1885.0
378,0,3,male,20.0,0,0,C,1892.0
379,0,3,male,19.0,0,0,S,1893.0
380,1,1,female,42.0,0,0,C,1870.0
381,1,3,female,1.0,0,2,C,1911.0
382,0,3,male,32.0,0,0,S,1880.0
383,1,1,female,35.0,1,0,S,1877.0
384,0,3,male,,0,0,S,
385,0,2,male,18.0,0,0,S,1894.0
386,0,3,male,1.0,5,2,S,1911.0
387,1,2,female,36.0,0,0,S,1876.0
388,0,3,male,,0,0,Q,
389,1,2,female,17.0,0,0,C,1895.0
390,1,1,male,36.0,1,2,S,1876.0
391,1,3,male,21.0,0,0,S,1891.0
392,0,3,male,28.0,2,0,S,1884.0
393,1,1,female,23.0,1,0,C,1889.0
394,1,3,female,24.0,0,2,S,1888.0
395,0,3,male,22.0,0,0,S,1890.0
396,0,3,female,31.0,0,0,S,1881.0
397,0,2,male,46.0,0,0,S,1866.0
398,0,2,male,23.0,0,0,S,1889.0
399,1,2,female,28.0,0,0,S,1884.0
400,1,3,male,39.0,0,0,S,1873.0
401,0,3,male,26.0,0,0,S,1886.0
402,0,3,female,21.0,1,0,S,1891.0
403,0,3,male,28.0,1,0,S,1884.0
404,0,3,female,20.0,0,0,S,1892.0
405,0,2,male,34.0,1,0,S,1878.0
406,0,3,male,51.0,0,0,S,1861.0
407,1,2,male,3.0,1,1,S,1909.0
408,0,3,male,21.0,0,0,S,1891.0
409,0,3,female,,3,1,S,
410,0,3,male,,0,0,S,
411,0,3,male,,0,0,Q,
412,1,1,female,33.0,1,0,Q,1879.0
413,0,2,male,,0,0,S,
414,1,3,male,44.0,0,0,S,1868.0
415,0,3,female,,0,0,S,
416,1,2,female,34.0,1,1,S,1878.0
417,1,2,female,18.0,0,2,S,1894.0
418,0,2,male,30.0,0,0,S,1882.0
419,0,3,female,10.0,0,2,S,1902.0
420,0,3,male,,0,0,C,
421,0,3,male,21.0,0,0,Q,1891.0
422,0,3,male,29.0,0,0,S,1883.0
423,0,3,female,28.0,1,1,S,1884.0
424,0,3,male,18.0,1,1,S,1894.0
425,0,3,male,,0,0,S,
426,1,2,female,28.0,1,0,S,1884.0
427,1,2,female,19.0,0,0,S,1893.0
428,0,3,male,,0,0,Q,
429,1,3,male,32.0,0,0,S,1880.0
430,1,1,male,28.0,0,0,S,1884.0
431,1,3,female,,1,0,S,
432,1,2,female,42.0,1,0,S,1870.0
433,0,3,male,17.0,0,0,S,1895.0
434,0,1,male,50.0,1,0,S,1862.0
435,1,1,female,14.0,1,2,S,1898.0
436,0,3,female,21.0,2,2,S,1891.0
437,1,2,female,24.0,2,3,S,1888.0
438,0,1,male,64.0,1,4,S,1848.0
439,0,2,male,31.0,0,0,S,1881.0
440,1,2,female,45.0,1,1,S,1867.0
441,0,3,male,20.0,0,0,S,1892.0
442,0,3,male,25.0,1,0,S,1887.0
443,1,2,female,28.0,0,0,S,1884.0
444,1,3,male,,0,0,S,
445,1,1,male,4.0,0,2,S,1908.0
446,1,2,female,13.0,0,1,S,1899.0
447,1,1,male,34.0,0,0,S,1878.0
448,1,3,female,5.0,2,1,C,1907.0
449,1,1,male,52.0,0,0,S,1860.0
450,0,2,male,36.0,1,2,S,1876.0
451,0,3,male,,1,0,S,
452,0,1,male,30.0,0,0,C,1882.0
453,1,1,male,49.0,1,0,C,1863.0
454,0,3,male,,0,0,S,
455,1,3,male,29.0,0,0,C,1883.0
456,0,1,male,65.0,0,0,S,1847.0
457,1,1,female,,1,0,S,
458,1,2,female,50.0,0,0,S,1862.0
459,0,3,male,,0,0,Q,
460,1,1,male,48.0,0,0,S,1864.0
461,0,3,male,34.0,0,0,S,1878.0
462,0,1,male,47.0,0,0,S,1865.0
463,0,2,male,48.0,0,0,S,1864.0
464,0,3,male,,0,0,S,
465,0,3,male,38.0,0,0,S,1874.0
466,0,2,male,,0,0,S,
467,0,1,male,56.0,0,0,S,1856.0
468,0,3,male,,0,0,Q,
469,1,3,female,0.75,2,1,C,1911.25
470,0,3,male,,0,0,S,
471,0,3,male,38.0,0,0,S,1874.0
472,1,2,female,33.0,1,2,S,1879.0
473,1,2,female,23.0,0,0,C,1889.0
474,0,3,female,22.0,0,0,S,1890.0
475,0,1,male,,0,0,S,
476,0,2,male,34.0,1,0,S,1878.0
477,0,3,male,29.0,1,0,S,1883.0
478,0,3,male,22.0,0,0,S,1890.0
479,1,3,female,2.0,0,1,S,1910.0
480,0,3,male,9.0,5,2,S,1903.0
481,0,2,male,,0,0,S,
482,0,3,male,50.0,0,0,S,1862.0
483,1,3,female,63.0,0,0,S,1849.0
484,1,1,male,25.0,1,0,C,1887.0
485,0,3,female,,3,1,S,
486,1,1,female,35.0,1,0,S,1877.0
487,0,1,male,58.0,0,0,C,1854.0
488,0,3,male,30.0,0,0,S,1882.0
489,1,3,male,9.0,1,1,S,1903.0
490,0,3,male,,1,0,S,
491,0,3,male,21.0,0,0,S,1891.0
492,0,1,male,55.0,0,0,S,1857.0
493,0,1,male,71.0,0,0,C,1841.0
494,0,3,male,21.0,0,0,S,1891.0
495,0,3,male,,0,0,C,
496,1,1,female,54.0,1,0,C,1858.0
497,0,3,male,,0,0,S,
498,0,1,female,25.0,1,2,S,1887.0
499,0,3,male,24.0,0,0,S,1888.0
500,0,3,male,17.0,0,0,S,1895.0
501,0,3,female,21.0,0,0,Q,1891.0
502,0,3,female,,0,0,Q,
503,0,3,female,37.0,0,0,S,1875.0
504,1,1,female,16.0,0,0,S,1896.0
505,0,1,male,18.0,1,0,C,1894.0
506,1,2,female,33.0,0,2,S,1879.0
507,1,1,male,,0,0,S,
508,0,3,male,28.0,0,0,S,1884.0
509,1,3,male,26.0,0,0,S,1886.0
510,1,3,male,29.0,0,0,Q,1883.0
511,0,3,male,,0,0,S,
512,1,1,male,36.0,0,0,S,1876.0
513,1,1,female,54.0,1,0,C,1858.0
514,0,3,male,24.0,0,0,S,1888.0
515,0,1,male,47.0,0,0,S,1865.0
516,1,2,female,34.0,0,0,S,1878.0
517,0,3,male,,0,0,Q,
518,1,2,female,36.0,1,0,S,1876.0
519,0,3,male,32.0,0,0,S,1880.0
520,1,1,female,30.0,0,0,S,1882.0
521,0,3,male,22.0,0,0,S,1890.0
522,0,3,male,,0,0,C,
523,1,1,female,44.0,0,1,C,1868.0
524,0,3,male,,0,0,C,
525,0,3,male,40.5,0,0,Q,1871.5
526,1,2,female,50.0,0,0,S,1862.0
527,0,1,male,,0,0,S,
528,0,3,male,39.0,0,0,S,1873.0
529,0,2,male,23.0,2,1,S,1889.0
530,1,2,female,2.0,1,1,S,1910.0
531,0,3,male,,0,0,C,
532,0,3,male,17.0,1,1,C,1895.0
533,1,3,female,,0,2,C,
534,0,3,female,30.0,0,0,S,1882.0
535,1,2,female,7.0,0,2,S,1905.0
536,0,1,male,45.0,0,0,S,1867.0
537,1,1,female,30.0,0,0,C,1882.0
538,0,3,male,,0,0,S,
539,1,1,female,22.0,0,2,C,1890.0
540,1,1,female,36.0,0,2,S,1876.0
541,0,3,female,9.0,4,2,S,1903.0
542,0,3,female,11.0,4,2,S,1901.0
543,1,2,male,32.0,1,0,S,1880.0
544,0,1,male,50.0,1,0,C,1862.0
545,0,1,male,64.0,0,0,S,1848.0
546,1,2,female,19.0,1,0,S,1893.0
547,1,2,male,,0,0,C,
548,0,3,male,33.0,1,1,S,1879.0
549,1,2,male,8.0,1,1,S,1904.0
550,1,1,male,17.0,0,2,C,1895.0
551,0,2,male,27.0,0,0,S,1885.0
552,0,3,male,,0,0,Q,
553,1,3,male,22.0,0,0,C,1890.0
554,1,3,female,22.0,0,0,S,1890.0
555,0,1,male,62.0,0,0,S,1850.0
556,1,1,female,48.0,1,0,C,1864.0
557,0,1,male,,0,0,C,
558,1,1,female,39.0,1,1,S,1873.0
559,1,3,female,36.0,1,0,S,1876.0
560,0,3,male,,0,0,Q,
561,0,3,male,40.0,0,0,S,1872.0
562,0,2,male,28.0,0,0,S,1884.0
563,0,3,male,,0,0,S,
564,0,3,female,,0,0,S,
565,0,3,male,24.0,2,0,S,1888.0
566,0,3,male,19.0,0,0,S,1893.0
567,0,3,female,29.0,0,4,S,1883.0
568,0,3,male,,0,0,C,
569,1,3,male,32.0,0,0,S,1880.0
570,1,2,male,62.0,0,0,S,1850.0
571,1,1,female,53.0,2,0,S,1859.0
572,1,1,male,36.0,0,0,S,1876.0
573,1,3,female,,0,0,Q,
574,0,3,male,16.0,0,0,S,1896.0
575,0,3,male,19.0,0,0,S,1893.0
576,1,2,female,34.0,0,0,S,1878.0
577,1,1,female,39.0,1,0,S,1873.0
578,0,3,female,,1,0,C,
579,1,3,male,32.0,0,0,S,1880.0
580,1,2,female,25.0,1,1,S,1887.0
581,1,1,female,39.0,1,1,C,1873.0
582,0,2,male,54.0,0,0,S,1858.0
583,0,1,male,36.0,0,0,C,1876.0
584,0,3,male,,0,0,C,
585,1,1,female,18.0,0,2,S,1894.0
586,0,2,male,47.0,0,0,S,1865.0
587,1,1,male,60.0,1,1,C,1852.0
588,0,3,male,22.0,0,0,S,1890.0
589,0,3,male,,0,0,S,
590,0,3,male,35.0,0,0,S,1877.0
591,1,1,female,52.0,1,0,C,1860.0
592,0,3,male,47.0,0,0,S,1865.0
593,0,3,female,,0,2,Q,
594,0,2,male,37.0,1,0,S,1875.0
595,0,3,male,36.0,1,1,S,1876.0
596,1,2,female,,0,0,S,
597,0,3,male,49.0,0,0,S,1863.0
598,0,3,male,,0,0,C,
599,1,1,male,49.0,1,0,C,1863.0
600,1,2,female,24.0,2,1,S,1888.0
601,0,3,male,,0,0,S,
602,0,1,male,,0,0,S,
603,0,3,male,44.0,0,0,S,1868.0
604,1,1,male,35.0,0,0,C,1877.0
605,0,3,male,36.0,1,0,S,1876.0
606,0,3,male,30.0,0,0,S,1882.0
607,1,1,male,27.0,0,0,S,1885.0
608,1,2,female,22.0,1,2,C,1890.0
609,1,1,female,40.0,0,0,S,1872.0
610,0,3,female,39.0,1,5,S,1873.0
611,0,3,male,,0,0,S,
612,1,3,female,,1,0,Q,
613,0,3,male,,0,0,Q,
614,0,3,male,35.0,0,0,S,1877.0
615,1,2,female,24.0,1,2,S,1888.0
616,0,3,male,34.0,1,1,S,1878.0
617,0,3,female,26.0,1,0,S,1886.0
618,1,2,female,4.0,2,1,S,1908.0
619,0,2,male,26.0,0,0,S,1886.0
620,0,3,male,27.0,1,0,C,1885.0
621,1,1,male,42.0,1,0,S,1870.0
622,1,3,male,20.0,1,1,C,1892.0
623,0,3,male,21.0,0,0,S,1891.0
624,0,3,male,21.0,0,0,S,1891.0
625,0,1,male,61.0,0,0,S,1851.0
626,0,2,male,57.0,0,0,Q,1855.0
627,1,1,female,21.0,0,0,S,1891.0
628,0,3,male,26.0,0,0,S,1886.0
629,0,3,male,,0,0,Q,
630,1,1,male,80.0,0,0,S,1832.0
631,0,3,male,51.0,0,0,S,1861.0
632,1,1,male,32.0,0,0,C,1880.0
633,0,1,male,,0,0,S,
634,0,3,female,9.0,3,2,S,1903.0
635,1,2,female,28.0,0,0,S,1884.0
636,0,3,male,32.0,0,0,S,1880.0
637,0,2,male,31.0,1,1,S,1881.0
638,0,3,female,41.0,0,5,S,1871.0
639,0,3,male,,1,0,S,
640,0,3,male,20.0,0,0,S,1892.0
641,1,1,female,24.0,0,0,C,1888.0
642,0,3,female,2.0,3,2,S,1910.0
643,1,3,male,,0,0,S,
644,1,3,female,0.75,2,1,C,1911.25
645,1,1,male,48.0,1,0,C,1864.0
646,0,3,male,19.0,0,0,S,1893.0
647,1,1,male,56.0,0,0,C,1856.0
648,0,3,male,,0,0,S,
649,1,3,female,23.0,0,0,S,1889.0
650,0,3,male,,0,0,S,
651,1,2,female,18.0,0,1,S,1894.0
652,0,3,male,21.0,0,0,S,1891.0
653,1,3,female,,0,0,Q,
654,0,3,female,18.0,0,0,Q,1894.0
655,0,2,male,24.0,2,0,S,1888.0
656,0,3,male,,0,0,S,
657,0,3,female,32.0,1,1,Q,1880.0
658,0,2,male,23.0,0,0,S,1889.0
659,0,1,male,58.0,0,2,C,1854.0
660,1,1,male,50.0,2,0,S,1862.0
661,0,3,male,40.0,0,0,C,1872.0
662,0,1,male,47.0,0,0,S,1865.0
663,0,3,male,36.0,0,0,S,1876.0
664,1,3,male,20.0,1,0,S,1892.0
665,0,2,male,32.0,2,0,S,1880.0
666,0,2,male,25.0,0,0,S,1887.0
667,0,3,male,,0,0,S,
668,0,3,male,43.0,0,0,S,1869.0
669,1,1,female,,1,0,S,
670,1,2,female,40.0,1,1,S,1872.0
671,0,1,male,31.0,1,0,S,1881.0
672,0,2,male,70.0,0,0,S,1842.0
673,1,2,male,31.0,0,0,S,1881.0
674,0,2,male,,0,0,S,
675,0,3,male,18.0,0,0,S,1894.0
676,0,3,male,24.5,0,0,S,1887.5
677,1,3,female,18.0,0,0,S,1894.0
678,0,3,female,43.0,1,6,S,1869.0
679,1,1,male,36.0,0,1,C,1876.0
680,0,3,female,,0,0,Q,
681,1,1,male,27.0,0,0,C,1885.0
682,0,3,male,20.0,0,0,S,1892.0
683,0,3,male,14.0,5,2,S,1898.0
684,0,2,male,60.0,1,1,S,1852.0
685,0,2,male,25.0,1,2,C,1887.0
686,0,3,male,14.0,4,1,S,1898.0
687,0,3,male,19.0,0,0,S,1893.0
688,0,3,male,18.0,0,0,S,1894.0
689,1,1,female,15.0,0,1,S,1897.0
690,1,1,male,31.0,1,0,S,1881.0
691,1,3,female,4.0,0,1,C,1908.0
692,1,3,male,,0,0,S,
693,0,3,male,25.0,0,0,C,1887.0
694,0,1,male,60.0,0,0,S,1852.0
695,0,2,male,52.0,0,0,S,1860.0
696,0,3,male,44.0,0,0,S,1868.0
697,1,3,female,,0,0,Q,
698,0,1,male,49.0,1,1,C,1863.0
699,0,3,male,42.0,0,0,S,1870.0
700,1,1,female,18.0,1,0,C,1894.0
701,1,1,male,35.0,0,0,S,1877.0
702,0,3,female,18.0,0,1,C,1894.0
703,0,3,male,25.0,0,0,Q,1887.0
704,0,3,male,26.0,1,0,S,1886.0
705,0,2,male,39.0,0,0,S,1873.0
706,1,2,female,45.0,0,0,S,1867.0
707,1,1,male,42.0,0,0,S,1870.0
708,1,1,female,22.0,0,0,S,1890.0
709,1,3,male,,1,1,C,
710,1,1,female,24.0,0,0,C,1888.0
711,0,1,male,,0,0,S,
712,1,1,male,48.0,1,0,S,1864.0
713,0,3,male,29.0,0,0,S,1883.0
714,0,2,male,52.0,0,0,S,1860.0
715,0,3,male,19.0,0,0,S,1893.0
716,1,1,female,38.0,0,0,C,1874.0
717,1,2,female,27.0,0,0,S,1885.0
718,0,3,male,,0,0,Q,
719,0,3,male,33.0,0,0,S,1879.0
720,1,2,female,6.0,0,1,S,1906.0
721,0,3,male,17.0,1,0,S,1895.0
722,0,2,male,34.0,0,0,S,1878.0
723,0,2,male,50.0,0,0,S,1862.0
724,1,1,male,27.0,1,0,S,1885.0
725,0,3,male,20.0,0,0,S,1892.0
726,1,2,female,30.0,3,0,S,1882.0
727,1,3,female,,0,0,Q,
728,0,2,male,25.0,1,0,S,1887.0
729,0,3,female,25.0,1,0,S,1887.0
730,1,1,female,29.0,0,0,S,1883.0
731,0,3,male,11.0,0,0,C,1901.0
732,0,2,male,,0,0,S,
733,0,2,male,23.0,0,0,S,1889.0
734,0,2,male,23.0,0,0,S,1889.0
735,0,3,male,28.5,0,0,S,1883.5
736,0,3,female,48.0,1,3,S,1864.0
737,1,1,male,35.0,0,0,C,1877.0
738,0,3,male,,0,0,S,
739,0,3,male,,0,0,S,
740,1,1,male,,0,0,S,
741,0,1,male,36.0,1,0,S,1876.0
742,1,1,female,21.0,2,2,C,1891.0
743,0,3,male,24.0,1,0,S,1888.0
744,1,3,male,31.0,0,0,S,1881.0
745,0,1,male,70.0,1,1,S,1842.0
746,0,3,male,16.0,1,1,S,1896.0
747,1,2,female,30.0,0,0,S,1882.0
748,0,1,male,19.0,1,0,S,1893.0
749,0,3,male,31.0,0,0,Q,1881.0
750,1,2,female,4.0,1,1,S,1908.0
751,1,3,male,6.0,0,1,S,1906.0
752,0,3,male,33.0,0,0,S,1879.0
753,0,3,male,23.0,0,0,S,1889.0
754,1,2,female,48.0,1,2,S,1864.0
755,1,2,male,0.67,1,1,S,1911.33
756,0,3,male,28.0,0,0,S,1884.0
757,0,2,male,18.0,0,0,S,1894.0
758,0,3,male,34.0,0,0,S,1878.0
759,1,1,female,33.0,0,0,S,1879.0
760,0,3,male,,0,0,S,
761,0,3,male,41.0,0,0,S,1871.0
762,1,3,male,20.0,0,0,C,1892.0
763,1,1,female,36.0,1,2,S,1876.0
764,0,3,male,16.0,0,0,S,1896.0
765,1,1,female,51.0,1,0,S,1861.0
766,0,1,male,,0,0,C,
767,0,3,female,30.5,0,0,Q,1881.5
768,0,3,male,,1,0,Q,
769,0,3,male,32.0,0,0,S,1880.0
770,0,3,male,24.0,0,0,S,1888.0
771,0,3,male,48.0,0,0,S,1864.0
772,0,2,female,57.0,0,0,S,1855.0
773,0,3,male,,0,0,C,
774,1,2,female,54.0,1,3,S,1858.0
775,0,3,male,18.0,0,0,S,1894.0
776,0,3,male,,0,0,Q,
777,1,3,female,5.0,0,0,S,1907.0
778,0,3,male,,0,0,Q,
779,1,1,female,43.0,0,1,S,1869.0
780,1,3,female,13.0,0,0,C,1899.0
781,1,1,female,17.0,1,0,S,1895.0
782,0,1,male,29.0,0,0,S,1883.0
783,0,3,male,,1,2,S,
784,0,3,male,25.0,0,0,S,1887.0
785,0,3,male,25.0,0,0,S,1887.0
786,1,3,female,18.0,0,0,S,1894.0
787,0,3,male,8.0,4,1,Q,1904.0
788,1,3,male,1.0,1,2,S,1911.0
789,0,1,male,46.0,0,0,C,1866.0
790,0,3,male,,0,0,Q,
791,0,2,male,16.0,0,0,S,1896.0
792,0,3,female,,8,2,S,
793,0,1,male,,0,0,C,
794,0,3,male,25.0,0,0,S,1887.0
795,0,2,male,39.0,0,0,S,1873.0
796,1,1,female,49.0,0,0,S,1863.0
797,1,3,female,31.0,0,0,S,1881.0
798,0,3,male,30.0,0,0,C,1882.0
799,0,3,female,30.0,1,1,S,1882.0
800,0,2,male,34.0,0,0,S,1878.0
801,1,2,female,31.0,1,1,S,1881.0
802,1,1,male,11.0,1,2,S,1901.0
803,1,3,male,0.42,0,1,C,1911.58
804,1,3,male,27.0,0,0,S,1885.0
805,0,3,male,31.0,0,0,S,1881.0
806,0,1,male,39.0,0,0,S,1873.0
807,0,3,female,18.0,0,0,S,1894.0
808,0,2,male,39.0,0,0,S,1873.0
809,1,1,female,33.0,1,0,S,1879.0
810,0,3,male,26.0,0,0,S,1886.0
811,0,3,male,39.0,0,0,S,1873.0
812,0,2,male,35.0,0,0,S,1877.0
813,0,3,female,6.0,4,2,S,1906.0
814,0,3,male,30.5,0,0,S,1881.5
815,0,1,male,,0,0,S,
816,0,3,female,23.0,0,0,S,1889.0
817,0,2,male,31.0,1,1,C,1881.0
818,0,3,male,43.0,0,0,S,1869.0
819,0,3,male,10.0,3,2,S,1902.0
820,1,1,female,52.0,1,1,S,1860.0
821,1,3,male,27.0,0,0,S,1885.0
822,0,1,male,38.0,0,0,S,1874.0
823,1,3,female,27.0,0,1,S,1885.0
824,0,3,male,2.0,4,1,S,1910.0
825,0,3,male,,0,0,Q,
826,0,3,male,,0,0,S,
827,1,2,male,1.0,0,2,C,1911.0
828,1,3,male,,0,0,Q,
829,1,1,female,62.0,0,0,,1850.0
830,1,3,female,15.0,1,0,C,1897.0
831,1,2,male,0.83,1,1,S,1911.17
832,0,3,male,,0,0,C,
833,0,3,male,23.0,0,0,S,1889.0
834,0,3,male,18.0,0,0,S,1894.0
835,1,1,female,39.0,1,1,C,1873.0
836,0,3,male,21.0,0,0,S,1891.0
837,0,3,male,,0,0,S,
838,1,3,male,32.0,0,0,S,1880.0
839,1,1,male,,0,0,C,
840,0,3,male,20.0,0,0,S,1892.0
841,0,2,male,16.0,0,0,S,1896.0
842,1,1,female,30.0,0,0,C,1882.0
843,0,3,male,34.5,0,0,C,1877.5
844,0,3,male,17.0,0,0,S,1895.0
845,0,3,male,42.0,0,0,S,1870.0
846,0,3,male,,8,2,S,
847,0,3,male,35.0,0,0,C,1877.0
848,0,2,male,28.0,0,1,S,1884.0
849,1,1,female,,1,0,C,
850,0,3,male,4.0,4,2,S,1908.0
851,0,3,male,74.0,0,0,S,1838.0
852,0,3,female,9.0,1,1,C,1903.0
853,1,1,female,16.0,0,1,S,1896.0
854,0,2,female,44.0,1,0,S,1868.0
855,1,3,female,18.0,0,1,S,1894.0
856,1,1,female,45.0,1,1,S,1867.0
857,1,1,male,51.0,0,0,S,1861.0
858,1,3,female,24.0,0,3,C,1888.0
859,0,3,male,,0,0,C,
860,0,3,male,41.0,2,0,S,1871.0
861,0,2,male,21.0,1,0,S,1891.0
862,1,1,female,48.0,0,0,S,1864.0
863,0,3,female,,8,2,S,
864,0,2,male,24.0,0,0,S,1888.0
865,1,2,female,42.0,0,0,S,1870.0
866,1,2,female,27.0,1,0,C,1885.0
867,0,1,male,31.0,0,0,S,1881.0
868,0,3,male,,0,0,S,
869,1,3,male,4.0,1,1,S,1908.0
870,0,3,male,26.0,0,0,S,1886.0
871,1,1,female,47.0,1,1,S,1865.0
872,0,1,male,33.0,0,0,S,1879.0
873,0,3,male,47.0,0,0,S,1865.0
874,1,2,female,28.0,1,0,C,1884.0
875,1,3,female,15.0,0,0,C,1897.0
876,0,3,male,20.0,0,0,S,1892.0
877,0,3,male,19.0,0,0,S,1893.0
878,0,3,male,,0,0,S,
879,1,1,female,56.0,0,1,C,1856.0
880,1,2,female,25.0,0,1,S,1887.0
881,0,3,male,33.0,0,0,S,1879.0
882,0,3,female,22.0,0,0,S,1890.0
883,0,2,male,28.0,0,0,S,1884.0
884,0,3,male,25.0,0,0,S,1887.0
885,0,3,female,39.0,0,5,Q,1873.0
886,0,2,male,27.0,0,0,S,1885.0
887,1,1,female,19.0,0,0,S,1893.0
888,0,3,female,,1,2,S,
889,1,1,male,26.0,0,0,C,1886.0
890,0,3,male,32.0,0,0,Q,1880.0
